{
  "bert-base-cased": {
    "intrasentence": {
      "gender": {
        "Count": 765.0,
        "LM Score": 82.26737746955138,
        "SS Score": 61.85241698719959,
        "ICAT Score": 62.76603222530195
      },
      "profession": {
        "Count": 2430.0,
        "LM Score": 82.32847204449455,
        "SS Score": 60.96123944441319,
        "ICAT Score": 64.28003014104691
      },
      "race": {
        "Count": 2886.0,
        "LM Score": 83.82067688181095,
        "SS Score": 57.27454824172729,
        "ICAT Score": 71.62552572919158
      },
      "religion": {
        "Count": 237.0,
        "LM Score": 82.82758620689656,
        "SS Score": 56.27586206896552,
        "ICAT Score": 72.43129607609988
      },
      "overall": {
        "Count": 2106.0,
        "LM Score": 83.01968433412956,
        "SS Score": 59.216109824221164,
        "ICAT Score": 67.71731376621933
      }
    },
    "overall": {
      "Count": 2106.0,
      "LM Score": 83.01968433412956,
      "SS Score": 59.216109824221164,
      "ICAT Score": 67.71731376621933
    }
  }
}